Date,Description,Amount,Running Bal.,BERT_Category,Cluster,Cluster_Summary
8/1/24,Beginning balance as of 08/01/2024,,"5,713.06",Retail,8,This is the first time I've ever purchased a new car
8/1/24,WAL-MART #5201 08/01 PURCHASE EDISON NJ,-20.18,"5,692.88",Retail,9,The following is a list of all of the items that are listed in the following order
8/1/24,WAL-MART #5201 08/01 PURCHASE EDISON NJ,-7.42,"5,685.46",Retail,9,The following is a list of all of the items that are listed in the following order
8/5/24,CHIPOTLE 0867 08/02 PURCHASE BRIDGEWATER NJ,-10.77,"5,674.69",Food & Dining,8,This is the first time I've ever purchased a new car
8/5/24,ACME 2827 08/03 PURCHASE OLD BRIDGE NJ,-35.74,"5,638.95",Retail,8,This is the first time I've ever purchased a new car
8/6/24,"LTIMINDTREE LIMI DES:PAYROLL ID:XXXXXXXXXX5492X INDN:PATEL, SPARSH V CO ID:XXXXX19100 PPD","1,322.42","6,961.37",Retail,4,*etsy is the name of a company that is listed on the website of the University of Michigan
8/6/24,MARSHALLS #230 08/05 PURCHASE SO PLAINFIELD NJ,-17.98,"6,943.39",Retail,7,"$1,000"
8/7/24,Etsy.com - SponkEditing 08/06 PURCHASE XXX-XX93879 NY,-0.4,"6,942.99",Retail,7,"$1,000"
8/7/24,NNT KAPADOKYA 08/07 PURCHASE NEW BRUNSWICK NJ,-28.8,"6,914.19",Food & Dining,3,New Jersey is the only state in the country that has a minimum wage of $7
8/8/24,MARSHALLS #230 08/06 REFUND SO PLAINFIELD NJ,17.98,"6,932.17",Retail,7,"$1,000"
8/8/24,CHIPOTLE 1256 08/07 PURCHASE NEW BRUNSWICK NJ,-10.24,"6,921.93",Food & Dining,8,This is the first time I've ever purchased a new car
8/8/24,NBPA - PARKMOBILE. 08/07 PURCHASE NEW BRUNSWICK NJ,-1.68,"6,920.25",Food & Dining,3,New Jersey is the only state in the country that has a minimum wage of $7
8/9/24,TST*NIRVANIS INDIAN KIT 08/07 PURCHASE New Brunswick NJ,-18.13,"6,902.12",Food & Dining,1,This is the first time I've seen a new product that has been made in the United States
8/12/24,WAL-MART #5201 08/10 PURCHASE EDISON NJ,-5.2,"6,896.92",Retail,9,The following is a list of all of the items that are listed in the following order
8/13/24,CHIPOTLE 1772 08/12 PURCHASE SOUTH PLAINFI NJ,-10.5,"6,886.42",Retail,8,This is the first time I've ever purchased a new car
8/19/24,PLAYA BOWLS WARREN 08/16 PURCHASE WARREN NJ,-16.55,"6,869.87",Food & Dining,8,This is the first time I've ever purchased a new car
8/19/24,PLAYA BOWLS NEW BRUNS 08/16 PURCHASE NEW BRUNSWICK NJ,-25.59,"6,844.28",Food & Dining,1,This is the first time I've seen a new product that has been made in the United States
8/19/24,WAL Wal-Mart S 08/19 PURCHASE EDISON NJ,-31.97,"6,812.31",Retail,9,The following is a list of all of the items that are listed in the following order
8/20/24,"LTIMINDTREE LIMI DES:PAYROLL ID:XXXXXXXXXX4960X INDN:PATEL, SPARSH V CO ID:XXXXX19100 PPD","1,469.36","8,281.67",Retail,4,*etsy is the name of a company that is listed on the website of the University of Michigan
8/20/24,7-ELEVEN 39020 08/18 PURCHASE EDISON NJ,-7.88,"8,273.79",Retail,9,The following is a list of all of the items that are listed in the following order
8/20/24,CHIPOTLE 2475 08/19 PURCHASE BASKING RIDGE NJ,-10.4,"8,263.39",Food & Dining,8,This is the first time I've ever purchased a new car
8/21/24,CHIPOTLE 2475 08/20 PURCHASE BASKING RIDGE NJ,-10.4,"8,252.99",Food & Dining,8,This is the first time I've ever purchased a new car
8/22/24,INMAN BARBER SHOP 08/21 PURCHASE EDISON NJ,-28,"8,224.99",Retail,9,The following is a list of all of the items that are listed in the following order
8/23/24,CHIPOTLE 2475 08/22 PURCHASE BASKING RIDGE NJ,-10.4,"8,214.59",Food & Dining,8,This is the first time I've ever purchased a new car
8/23/24,OLO*110 honeygrow Rut 08/22 PURCHASE New Brunswick NJ,-11.04,"8,203.55",Food & Dining,3,New Jersey is the only state in the country that has a minimum wage of $7
8/26/24,TST* TACORIA- NEW BRUNS 08/22 PURCHASE NEW BRUNSWICK NJ,-11.68,"8,191.87",Food & Dining,1,This is the first time I've seen a new product that has been made in the United States
8/26/24,ULTA #1523 08/23 PURCHASE SOUTH PLAINFI NJ,-127.95,"8,063.92",Retail,8,This is the first time I've ever purchased a new car
8/27/24,NBPA - PARKMOBILE. 08/26 PURCHASE NEW BRUNSWICK NJ,-2.35,"8,061.57",Food & Dining,3,New Jersey is the only state in the country that has a minimum wage of $7
8/27/24,CVS/PHARMACY # 08/27 PURCHASE SOUTH PLAINFI NJ,-7.24,"8,054.33",Retail,8,This is the first time I've ever purchased a new car
8/28/24,LUKOIL 57335 08/27 PURCHASE S PLAINFIELD NJ,-20,"8,034.33",Food & Dining,8,This is the first time I've ever purchased a new car
8/30/24,CHIPOTLE 2475 08/29 PURCHASE BASKING RIDGE NJ,-10.4,"8,023.93",Food & Dining,8,This is the first time I've ever purchased a new car
9/3/24,"LTIMINDTREE LIMI DES:PAYROLL ID:XXXXXXXXXX0935X INDN:PATEL, SPARSH V CO ID:XXXXX19100 PPD","1,469.36","9,493.29",Retail,4,*etsy is the name of a company that is listed on the website of the University of Michigan
9/3/24,CHIPOTLE 2475 08/30 PURCHASE BASKING RIDGE NJ,-10.4,"9,482.89",Food & Dining,8,This is the first time I've ever purchased a new car
9/3/24,EXXON EDISON MART 08/30 PURCHASE EDISON NJ,-10,"9,472.89",Retail,9,The following is a list of all of the items that are listed in the following order
9/3/24,TARGET T-1929 09/01 PURCHASE South Plainfi NJ,-20.26,"9,452.63",Retail,7,"$1,000"
9/3/24,Etsy.com - SponkEditing 09/02 PURCHASE XXX-XX93879 NY,-0.8,"9,451.83",Retail,7,"$1,000"
9/3/24,SNACK* AKIHI BUBBLE TE 09/01 PURCHASE XXX-XX682146 CA,-14.48,"9,437.35",Retail,6,This is a list of all of the items that have been added to the list
9/4/24,SQ *POSTER INVASION 09/03 PURCHASE Greenville SC,-26.91,"9,410.44",Retail,1,This is the first time I've seen a new product that has been made in the United States
9/5/24,CAFE WEST 09/03 PURCHASE NEW BRUNSWICK NJ,-1.39,"9,409.05",Food & Dining,1,This is the first time I've seen a new product that has been made in the United States
9/5/24,SNACK* AKIHI BUBBLE TE 09/04 PURCHASE XXX-XX682146 CA,-15.98,"9,393.07",Retail,6,This is a list of all of the items that have been added to the list
9/6/24,SNACK* AKIHI BUBBLE TE 09/05 PURCHASE XXX-XX682146 CA,-7.8,"9,385.27",Retail,6,This is a list of all of the items that have been added to the list
9/9/24,FOREVER21 1991 09/06 PURCHASE EDISON NJ,-14.99,"9,370.28",Retail,9,The following is a list of all of the items that are listed in the following order
9/10/24,CANTEEN VENDING 09/09 PURCHASE AVENEL NJ,-3,"9,367.28",Retail,1,This is the first time I've seen a new product that has been made in the United States
9/12/24,Transfer VENMO,113.97,"9,481.25",Retail,2,The transfer keyword is used to indicate that a particular action is being performed
9/12/24,CG LAUNDRY RUTGERS COLL 09/10 PURCHASE XXX-XX46100 NJ,-10,"9,471.25",Retail,7,"$1,000"
9/12/24,R U HUNGRY 09/10 PURCHASE NEW BRUNSWICK NJ,-8.38,"9,462.87",Food & Dining,1,This is the first time I've seen a new product that has been made in the United States
9/12/24,SNACK* AKIHI BUBBLE TE 09/11 PURCHASE XXX-XX682146 CA,-15.98,"9,446.89",Retail,6,This is a list of all of the items that have been added to the list
9/13/24,Transfer VENMO,16.71,"9,463.60",Retail,2,The transfer keyword is used to indicate that a particular action is being performed
9/13/24,WAL Wal-Mart S 09/13 PURCHASE EDISON NJ,-33.99,"9,429.61",Retail,9,The following is a list of all of the items that are listed in the following order
9/16/24,AMAZON MARK* PT1L53V33 09/11 PURCHASE HTTPSAMAZON.C WA,-12.77,"9,416.84",Retail,1,This is the first time I've seen a new product that has been made in the United States
9/16/24,DOLLAR BRUNSWICK LLC 09/13 PURCHASE NEW BRUNSWICK NJ,-2.14,"9,414.70",Food & Dining,1,This is the first time I've seen a new product that has been made in the United States
9/16/24,CANTEEN VENDING 09/13 PURCHASE AVENEL NJ,-3.1,"9,411.60",Food & Dining,1,This is the first time I've seen a new product that has been made in the United States
9/16/24,GOLDEN RAIL PUB 09/13 PURCHASE NEW BRUNSWICK NJ,-11.98,"9,399.62",Food & Dining,5,This is a very popular and well-known brand
9/16/24,POPEYES 12202 09/13 PURCHASE NEW BRUNSWICK NJ,-3.19,"9,396.43",Food & Dining,1,This is the first time I've seen a new product that has been made in the United States
9/16/24,OLDE QUEENS TAVERN 09/13 PURCHASE XXX-XX64006 NJ,-14.2,"9,382.23",Retail,6,This is a list of all of the items that have been added to the list
9/16/24,HUEY'S KNIGHT CLUB 09/13 PURCHASE NEW BRUNSWICK NJ,-8.78,"9,373.45",Food & Dining,3,New Jersey is the only state in the country that has a minimum wage of $7
9/16/24,Zelle payment to Tisha Conf# hr1rghwxf,-25,"9,348.45",Retail,7,"$1,000"
9/17/24,"LTIMINDTREE LIMI DES:PAYROLL ID:XXXXXXXXXX0402X INDN:PATEL, SPARSH V CO ID:XXXXX19100 PPD",293.87,"9,642.32",Retail,4,*etsy is the name of a company that is listed on the website of the University of Michigan
9/17/24,AMAZON RETA* WK2632933 09/13 PURCHASE WWW.AMAZON.CO WA,-19.71,"9,622.61",Retail,1,This is the first time I've seen a new product that has been made in the United States
9/17/24,AMAZON MARK* JE5IE6YH3 09/13 PURCHASE HTTPSAMAZON.C WA,-25.58,"9,597.03",Retail,1,This is the first time I've seen a new product that has been made in the United States
9/19/24,TST*NIRVANIS INDIAN KIT 09/17 PURCHASE New Brunswick NJ,-23.19,"9,573.84",Food & Dining,1,This is the first time I've seen a new product that has been made in the United States
9/19/24,RUTGERS CINEMA 09/18 PURCHASE PISCATAWAY NJ,-42,"9,531.84",Food & Dining,1,This is the first time I've seen a new product that has been made in the United States
9/23/24,Transfer VENMO,45.11,"9,576.95",Retail,2,The transfer keyword is used to indicate that a particular action is being performed
9/23/24,Transfer VENMO,9.75,"9,586.70",Retail,2,The transfer keyword is used to indicate that a particular action is being performed
9/23/24,ULTA #1523 09/20 PURCHASE SOUTH PLAINFI NJ,-162.07,"9,424.63",Retail,1,This is the first time I've seen a new product that has been made in the United States
9/23/24,TST*NIRVANIS INDIAN KIT 09/20 PURCHASE New Brunswick NJ,-16.32,"9,408.31",Food & Dining,1,This is the first time I've seen a new product that has been made in the United States
9/23/24,TST*SCHNUR MEYER SWEETS 09/20 PURCHASE New Brunswick NJ,-15.75,"9,392.56",Food & Dining,1,This is the first time I've seen a new product that has been made in the United States
9/23/24,BYSIMRAN 0921 09/20 PURCHASE HTTPSBYSIMRAN PA,-59.99,"9,332.57",Retail,1,This is the first time I've seen a new product that has been made in the United States
9/27/24,SNACK* AKIHI BUBBLE TE 09/26 PURCHASE XXX-XX682146 CA,-6.43,"9,326.14",Retail,6,This is a list of all of the items that have been added to the list
9/30/24,Transfer VENMO,12.75,"9,338.89",Retail,2,The transfer keyword is used to indicate that a particular action is being performed
9/30/24,SCARLET PUB 09/26 PURCHASE NEW BRUNSWICK NJ,-11.33,"9,327.56",Food & Dining,5,This is a very popular and well-known brand
9/30/24,INSOMNIA COOKIES- NEW 09/27 PURCHASE NEW BRUNSWICK NJ,-3.04,"9,324.52",Food & Dining,1,This is the first time I've seen a new product that has been made in the United States
9/30/24,TUTA ICE CREAM 09/27 PURCHASE MILLTOWN NJ,-5.53,"9,318.99",Food & Dining,1,This is the first time I've seen a new product that has been made in the United States
9/30/24,CHIPOTLE 1256 09/29 PURCHASE NEW BRUNSWICK NJ,-10.24,"9,308.75",Food & Dining,8,This is the first time I've ever purchased a new car
10/1/24,WALGREENS #12097 09/30 PURCHASE NEW BRUNSWICK NJ,-1.54,"9,307.21",Food & Dining,1,This is the first time I've seen a new product that has been made in the United States
10/2/24,INSOMNIA COOKIES- NEW 09/30 PURCHASE NEW BRUNSWICK NJ,-16.26,"9,290.95",Food & Dining,1,This is the first time I've seen a new product that has been made in the United States
10/3/24,Transfer VENMO,9.75,"9,300.70",Retail,2,The transfer keyword is used to indicate that a particular action is being performed
10/3/24,Homebase 10/03 PMNT RCVD San Francisco CA,0.08,"9,300.78",Retail,7,"$1,000"
10/3/24,WALGREENS #6908 10/02 PURCHASE NEW BRUNSWICK NJ,-20.65,"9,280.13",Food & Dining,7,"$1,000"
10/4/24,Homebase DES:Homebase ID: INDN:Sparsh Patel CO ID:XXXXX96776 WEB,-0.08,"9,280.05",Retail,4,*etsy is the name of a company that is listed on the website of the University of Michigan
10/7/24,Zelle payment from SHREY DOBARIYA Conf# T0Y4CW79V,18,"9,298.05",Retail,7,"$1,000"
10/7/24,CG LAUNDRY RUTGERS COLL 10/03 PURCHASE XXX-XX46100 NJ,-10,"9,288.05",Retail,7,"$1,000"
10/7/24,RUTGERS CINEMA 10/03 PURCHASE PISCATAWAY NJ,-9.75,"9,278.30",Food & Dining,7,"$1,000"
10/7/24,SNACK* AKIHI BUBBLE TE 10/04 PURCHASE XXX-XX682146 CA,-9.24,"9,269.06",Retail,6,This is a list of all of the items that have been added to the list
10/7/24,TST* TACORIA- NEW BRUNS 10/05 PURCHASE NEW BRUNSWICK NJ,-36.36,"9,232.70",Retail,1,This is the first time I've seen a new product that has been made in the United States
10/7/24,INSOMNIA COOKIES- NEW 10/05 PURCHASE NEW BRUNSWICK NJ,-6.08,"9,226.62",Food & Dining,3,New Jersey is the only state in the country that has a minimum wage of $7
10/7/24,THE ALE N WICH PUB 10/06 PURCHASE NEW BRUNSWICK NJ,-6.23,"9,220.39",Food & Dining,5,This is a very popular and well-known brand
10/8/24,CANTEEN VENDING 10/07 PURCHASE AVENEL NJ,-3.1,"9,217.29",Retail,7,"$1,000"
10/9/24,Transfer VENMO,21.62,"9,238.91",Retail,2,The transfer keyword is used to indicate that a particular action is being performed
10/9/24,Transfer VENMO,9.75,"9,248.66",Retail,2,The transfer keyword is used to indicate that a particular action is being performed
10/9/24,OPENAI *CHATGPT SUBSCR 10/08 PURCHASE HTTPSOPENAI.C CA,-20,"9,228.66",Retail,7,"$1,000"
10/10/24,TST*NIRVANIS INDIAN KIT 10/09 PURCHASE New Brunswick NJ,-23.46,"9,205.20",Food & Dining,1,This is the first time I've seen a new product that has been made in the United States
10/15/24,BKOFAMERICA MOBILE 10/12 XXXXX06825 DEPOSIT *MOBILE NJ,70.03,"9,275.23",Retail,7,"$1,000"
10/15/24,OLDE QUEENS TAVERN 10/11 PURCHASE XXX-XX64006 NJ,-4.88,"9,270.35",Retail,6,This is a list of all of the items that have been added to the list
10/15/24,VEO* DEPOSIT 10/14 PURCHASE WWW.VEORIDE.C CA,-10,"9,260.35",Retail,6,This is a list of all of the items that have been added to the list
10/16/24,INSOMNIA COOKIES- NEW 10/14 PURCHASE NEW BRUNSWICK NJ,-8,"9,252.35",Food & Dining,3,New Jersey is the only state in the country that has a minimum wage of $7
10/17/24,HUEY'S KNIGHT CLUB 10/15 PURCHASE NEW BRUNSWICK NJ,-5.16,"9,247.19",Food & Dining,3,New Jersey is the only state in the country that has a minimum wage of $7
10/17/24,HUEY'S KNIGHT CLUB 10/16 PURCHASE NEW BRUNSWICK NJ,-7.78,"9,239.41",Food & Dining,3,New Jersey is the only state in the country that has a minimum wage of $7
10/17/24,CANTEEN VENDING 10/16 PURCHASE AVENEL NJ,-3.1,"9,236.31",Retail,7,"$1,000"
10/18/24,"RUTGERS UNIVERSI DES:DIR DEP ID:00185486 INDN:PATEL,SPARSH V CO ID:XXXXX01086 PPD",12.05,"9,248.36",Retail,4,*etsy is the name of a company that is listed on the website of the University of Michigan
10/18/24,WALGREENS #6908 10/17 PURCHASE NEW BRUNSWICK NJ,-10.31,"9,238.05",Food & Dining,7,"$1,000"
10/21/24,Transfer VENMO,15.72,"9,253.77",Retail,2,The transfer keyword is used to indicate that a particular action is being performed
10/21/24,SNACK* AKIHI BUBBLE TE 10/18 PURCHASE XXX-XX682146 CA,-16.03,"9,237.74",Retail,6,This is a list of all of the items that have been added to the list
10/22/24,PARTY CITY 0579 10/20 PURCHASE SOUTH PLAINE NJ,-54.99,"9,182.75",Food & Dining,7,"$1,000"
10/22/24,AMAZON MKTPL*BL1NF8H83 10/20 PURCHASE Amzn.com/bill WA,-52.99,"9,129.76",Retail,7,"$1,000"
10/24/24,AMAZON MKTPL*A011I5RB3 10/21 PURCHASE Amzn.com/bill WA,-21.31,"9,108.45",Retail,7,"$1,000"
10/24/24,TARGET T-1929 10/24 PURCHASE South Plainfi NJ,-31.52,"9,076.93",Retail,7,"$1,000"
10/25/24,PARTY CITY 0579 10/23 REFUND SOUTH PLAINE NJ,54.99,"9,131.92",Food & Dining,7,"$1,000"
10/28/24,Transfer VENMO,125.27,"9,257.19",Retail,2,The transfer keyword is used to indicate that a particular action is being performed
10/28/24,AMAZON MKTPLACE PMTS 10/27 REFUND Amzn.com/bill WA,21.31,"9,278.50",Retail,7,"$1,000"
10/28/24,PARTY CITY 0579 10/24 PURCHASE SOUTH PLAINE NJ,-3.19,"9,275.31",Food & Dining,7,"$1,000"
10/28/24,EVELYNS RESTAURANT 10/26 PURCHASE NEW BRUNSWICK NJ,-27.61,"9,247.70",Food & Dining,7,"$1,000"
10/28/24,GOLDEN RAIL PUB 10/26 PURCHASE NEW BRUNSWICK NJ,-5.44,"9,242.26",Food & Dining,5,This is a very popular and well-known brand
10/28/24,SQ *SPINA RECORDS 10/27 PURCHASE NEW BRUNSWICK NJ,-16.44,"9,225.82",Food & Dining,7,"$1,000"
10/28/24,CANTEEN VENDING 10/27 PURCHASE AVENEL NJ,-3.1,"9,222.72",Food & Dining,7,"$1,000"
10/30/24,Transfer VENMO,29.48,"9,252.20",Retail,2,The transfer keyword is used to indicate that a particular action is being performed
10/31/24,AMAZON MARK* 3N75J9U23 10/29 PURCHASE HTTPSAMAZON.C WA,-34.43,"9,217.77",Retail,7,"$1,000"
10/31/24,INSOMNIA COOKIES- NEW 10/29 PURCHASE NEW BRUNSWICK NJ,-15.19,"9,202.58",Food & Dining,3,New Jersey is the only state in the country that has a minimum wage of $7
10/31/24,DOLLAR BRUNSWICK LLC 10/30 PURCHASE NEW BRUNSWICK NJ,-10.74,"9,191.84",Food & Dining,3,New Jersey is the only state in the country that has a minimum wage of $7
11/1/24,"RUTGERS UNIVERSI DES:DIR DEP ID:00185486 INDN:PATEL,SPARSH V CO ID:XXXXX01086 PPD",126.33,"9,318.17",Retail,4,*etsy is the name of a company that is listed on the website of the University of Michigan
11/1/24,CG LAUNDRY RUTGERS COLL 10/30 PURCHASE XXX-XX46100 NJ,-10,"9,308.17",Retail,7,"$1,000"
11/1/24,PETER'S LIQUORS 10/31 PURCHASE NEW BRUNSWICK NJ,-20.85,"9,287.32",Food & Dining,3,New Jersey is the only state in the country that has a minimum wage of $7
11/4/24,GOLDEN RAIL PUB 10/31 PURCHASE NEW BRUNSWICK NJ,-18.3,"9,269.02",Food & Dining,5,This is a very popular and well-known brand
11/4/24,GOLDEN RAIL PUB 11/01 PURCHASE NEW BRUNSWICK NJ,-11.98,"9,257.04",Food & Dining,5,This is a very popular and well-known brand
11/4/24,WHOLEFDS MTC #10602 11/03 PURCHASE METUCHEN NJ,-8.2,"9,248.84",Food & Dining,7,"$1,000"
11/5/24,RU BOOKSTORE 6600 11/04 PURCHASE NEW BRUNSWICK NJ,-31.97,"9,216.87",Food & Dining,3,New Jersey is the only state in the country that has a minimum wage of $7
11/7/24,TST* 16 HANDLES - RUTGE 11/05 PURCHASE PISCATAWAY NJ,-10.36,"9,206.51",Retail,1,This is the first time I've seen a new product that has been made in the United States
11/7/24,PETER'S LIQUORS 11/06 PURCHASE NEW BRUNSWICK NJ,-3.02,"9,203.49",Food & Dining,3,New Jersey is the only state in the country that has a minimum wage of $7
11/8/24,PETER'S LIQUORS 11/07 PURCHASE NEW BRUNSWICK NJ,-22.59,"9,180.90",Food & Dining,3,New Jersey is the only state in the country that has a minimum wage of $7
11/12/24,OLDE QUEENS TAVERN 11/08 PURCHASE XXX-XX64006 NJ,-22.52,"9,158.38",Retail,6,This is a list of all of the items that have been added to the list
11/12/24,OLO*110 honeygrow Rut 11/12 PURCHASE New Brunswick NJ,-14.71,"9,143.67",Food & Dining,3,New Jersey is the only state in the country that has a minimum wage of $7
11/14/24,CANTEEN VENDING 11/13 PURCHASE AVENEL NJ,-6.1,"9,137.57",Food & Dining,7,"$1,000"
11/15/24,"RUTGERS UNIVERSI DES:DIR DEP ID:00185486 INDN:PATEL,SPARSH V CO ID:XXXXX01086 PPD",229.83,"9,367.40",Retail,4,*etsy is the name of a company that is listed on the website of the University of Michigan
11/15/24,BUTLER FOOD STORE 11/14 PURCHASE NEW BRUNSWICK NJ,-3.49,"9,363.91",Food & Dining,3,New Jersey is the only state in the country that has a minimum wage of $7
11/18/24,7-ELEVEN 35664 11/15 PURCHASE NEW BRUNSWICK NJ,-6.48,"9,357.43",Food & Dining,3,New Jersey is the only state in the country that has a minimum wage of $7
11/19/24,FOOT LOCKER - 08448 11/17 PURCHASE EDISON NJ,-198,"9,159.43",Retail,9,The following is a list of all of the items that are listed in the following order
11/22/24,EASTON DELI & CONVENIEN 11/21 PURCHASE NEW BRUNSWICK NJ,-35.98,"9,123.45",Food & Dining,3,New Jersey is the only state in the country that has a minimum wage of $7
11/25/24,Transfer VENMO,11.24,"9,134.69",Retail,2,The transfer keyword is used to indicate that a particular action is being performed
11/25/24,Zelle payment from PRANAV KRISHNA VOOTUKURI Conf# jsbfh0riu,11,"9,145.69",Retail,7,"$1,000"
11/25/24,CANTEEN VENDING 11/23 PURCHASE AVENEL NJ,-2.1,"9,143.59",Food & Dining,7,"$1,000"
11/25/24,TST* TACORIA- NEW BRUNS 11/23 PURCHASE NEW BRUNSWICK NJ,-47.85,"9,095.74",Food & Dining,1,This is the first time I've seen a new product that has been made in the United States
11/25/24,WALGREENS #6908 11/24 PURCHASE NEW BRUNSWICK NJ,-13.94,"9,081.80",Food & Dining,7,"$1,000"
11/26/24,TACO BELL 739035 11/24 PURCHASE 713-899-0718 NJ,-13.31,"9,068.49",Retail,7,"$1,000"
11/26/24,7-ELEVEN 36047 11/24 PURCHASE PISCATAWAY NJ,-2.59,"9,065.90",Retail,7,"$1,000"
11/27/24,"RUTGERS UNIVERSI DES:PAYROLL ID:00185486 INDN:PATEL,SPARSH V CO ID:XXXXX01086 PPD",127.1,"9,193.00",Retail,4,*etsy is the name of a company that is listed on the website of the University of Michigan
11/27/24,HAAGEN-DAZS 545 11/26 PURCHASE EDISON NJ,-10.86,"9,182.14",Retail,7,"$1,000"
11/29/24,CHICK-FIL-A #01428 11/26 PURCHASE EDISON NJ,-13.12,"9,169.02",Retail,7,"$1,000"
11/29/24,SEPHORA MENLO PARK 11/26 PURCHASE EDISON NJ,-9.81,"9,159.21",Retail,7,"$1,000"
12/2/24,7-ELEVEN 39020 11/28 PURCHASE EDISON NJ,-2.59,"9,156.62",Retail,9,The following is a list of all of the items that are listed in the following order
12/2/24,LinkedInPre *06982404 11/30 PURCHASE XXX-XX35653 CA,-29.99,"9,126.63",Retail,6,This is a list of all of the items that have been added to the list
12/2/24,MACYS WOODBRIDGE CTR 11/30 PURCHASE WOODBRIDGE NJ,-81,"9,045.63",Retail,7,"$1,000"
12/3/24,"ETSY, INC. DES:PAYOUT ID:etsy INDN:Sparsh Patel CO ID:XXXXX12331 PPD PMT INFO:TRN*1*etsy**4VXODC6561N68APK\RMR*IK*etsy .com\",46.21,"9,091.84",Retail,4,*etsy is the name of a company that is listed on the website of the University of Michigan
12/3/24,Transfer VENMO,5.75,"9,097.59",Retail,2,The transfer keyword is used to indicate that a particular action is being performed
12/3/24,Transfer VENMO,4.75,"9,102.34",Retail,2,The transfer keyword is used to indicate that a particular action is being performed
12/3/24,EASTON DELI & CONVENIEN 12/01 PURCHASE NEW BRUNSWICK NJ,-12.83,"9,089.51",Food & Dining,3,New Jersey is the only state in the country that has a minimum wage of $7
12/3/24,Printify 12/02 PURCHASE Claymont DE,-30.24,"9,059.27",Retail,7,"$1,000"
12/4/24,Zara.com 12/01 PURCHASE New York NY,-34.94,"9,024.33",Retail,0,This is a list of all of the items that have been added to the list
12/9/24,CMSVEND*CV AVENEL 12/05 PURCHASE AVENEL NJ,-5.6,"9,018.73",Retail,7,"$1,000"
12/9/24,OLDE QUEENS TAVERN 12/06 PURCHASE XXX-XX64006 NJ,-13.81,"9,004.92",Retail,6,This is a list of all of the items that have been added to the list
12/9/24,SCARLET PUB 12/06 PURCHASE NEW BRUNSWICK NJ,-13.73,"8,991.19",Food & Dining,5,This is a very popular and well-known brand
12/9/24,WAL-MART #2633 12/09 PURCHASE PISCATAWAY NJ,-10.63,"8,980.56",Retail,9,The following is a list of all of the items that are listed in the following order
12/10/24,Transfer VENMO,8.76,"8,989.32",Retail,2,The transfer keyword is used to indicate that a particular action is being performed
12/10/24,BOX LUNCH #4759 12/09 PURCHASE EDISON NJ,-11.62,"8,977.70",Food & Dining,9,The following is a list of all of the items that are listed in the following order
12/11/24,CANTEEN VENDING 12/10 PURCHASE AVENEL NJ,-6.1,"8,971.60",Retail,7,"$1,000"
12/12/24,WALGREENS #6908 12/11 PURCHASE NEW BRUNSWICK NJ,-8.24,"8,963.36",Food & Dining,7,"$1,000"
12/13/24,"RUTGERS UNIVERSI DES:PAYROLL ID:00185486 INDN:PATEL,SPARSH V CO ID:XXXXX01086 PPD",129.39,"9,092.75",Retail,4,*etsy is the name of a company that is listed on the website of the University of Michigan
12/16/24,Transfer VENMO,31.44,"9,124.19",Retail,2,The transfer keyword is used to indicate that a particular action is being performed
12/16/24,Transfer VENMO,7.25,"9,131.44",Retail,2,The transfer keyword is used to indicate that a particular action is being performed
12/16/24,SMASHVILLE HOT CHICKEN 12/13 PURCHASE NEW BRUNSWICK NJ,-13.49,"9,117.95",Food & Dining,3,New Jersey is the only state in the country that has a minimum wage of $7
12/16/24,CG LAUNDRY RUTGERS COLL 12/14 PURCHASE XXX-XX46100 NJ,-10,"9,107.95",Retail,7,"$1,000"
12/16/24,NJT MOBILE 30010003 12/15 PURCHASE XXX-XX86463 NJ,-32.2,"9,075.75",Retail,7,"$1,000"
12/16/24,TARGET STORE T 12/15 PURCHASE New York NY,-16.33,"9,059.42",Retail,0,This is a list of all of the items that have been added to the list
12/16/24,HUDSON-DUNKIN ST211 12/15 PURCHASE NEW YORK NY,-7,"9,052.42",Retail,0,This is a list of all of the items that have been added to the list
12/16/24,MTA*NYCT PAYGO 12/15 PURCHASE NEW YORK NY,-2.9,"9,049.52",Retail,0,This is a list of all of the items that have been added to the list
12/17/24,MTA*NYCT PAYGO 12/15 PURCHASE NEW YORK NY,-2.9,"9,046.62",Retail,0,This is a list of all of the items that have been added to the list
12/18/24,WALGREENS #6908 12/17 PURCHASE NEW BRUNSWICK NJ,-6.19,"9,040.43",Food & Dining,7,"$1,000"
12/19/24,SMASHVILLE HOT CHICKEN 12/17 PURCHASE NEW BRUNSWICK NJ,-13.49,"9,026.94",Food & Dining,3,New Jersey is the only state in the country that has a minimum wage of $7
12/20/24,TST* 16 HANDLES - RUTGE 12/18 PURCHASE PISCATAWAY NJ,-12.01,"9,014.93",Retail,1,This is the first time I've seen a new product that has been made in the United States
12/23/24,Transfer VENMO,9.25,"9,024.18",Retail,2,The transfer keyword is used to indicate that a particular action is being performed
12/23/24,FIVE GUYS NJ 2092 QSR 12/19 PURCHASE NEW BRUNSWICK NJ,-6.93,"9,017.25",Food & Dining,3,New Jersey is the only state in the country that has a minimum wage of $7
12/23/24,NBPA - PARKMOBILE. 12/21 PURCHASE NEW BRUNSWICK NJ,-2.35,"9,014.90",Food & Dining,3,New Jersey is the only state in the country that has a minimum wage of $7
12/23/24,TARGET T-1929 12/21 PURCHASE South Plainfi NJ,-16.94,"8,997.96",Retail,7,"$1,000"
12/24/24,"RUTGERS UNIVERSI DES:PAYROLL ID:00185486 INDN:PATEL,SPARSH V CO ID:XXXXX01086 PPD",195.3,"9,193.26",Retail,4,*etsy is the name of a company that is listed on the website of the University of Michigan
12/26/24,AG TRAVEL PLAZA 3601101 12/24 PURCHASE WALLKILL NY,-13.37,"9,179.89",Retail,7,"$1,000"
12/27/24,AMAZON MARK* ZE23P6E80 12/23 PURCHASE HTTPSAMAZON.C WA,-21.23,"9,158.66",Retail,7,"$1,000"
12/30/24,TOPS MARKETS #700 12/27 PURCHASE CORINTH NY,-5.89,"9,152.77",Retail,7,"$1,000"
12/30/24,NEW HAIR CULTURE INC 12/29 PURCHASE EDISON NJ,-42.32,"9,110.45",Food & Dining,9,The following is a list of all of the items that are listed in the following order
12/31/24,TARGET T-1929 12/31 PURCHASE South Plainfi NJ,-22.52,"9,087.93",Retail,7,"$1,000"
1/2/25,EXXON AMRIT INC 12/31 PURCHASE NEW BRUNSWICK NJ,-20,"9,067.93",Food & Dining,3,New Jersey is the only state in the country that has a minimum wage of $7
1/2/25,PROSKATENJ.COM 12/31 PURCHASE XXX-XX809679 NJ,-34,"9,033.93",Retail,7,"$1,000"
1/2/25,BLAZE PIZZA - 1285 - BR 12/31 PURCHASE 732-356-1357 NJ,-34.76,"8,999.17",Retail,7,"$1,000"
1/3/25,HUEY'S KNIGHT CLUB 12/31 PURCHASE NEW BRUNSWICK NJ,-6.2,"8,992.97",Food & Dining,3,New Jersey is the only state in the country that has a minimum wage of $7
1/3/25,HUEY'S KNIGHT CLUB 12/31 PURCHASE NEW BRUNSWICK NJ,-6.2,"8,986.77",Food & Dining,3,New Jersey is the only state in the country that has a minimum wage of $7
1/3/25,Etsy.com - SponkEditing 01/02 PURCHASE XXX-XX93879 NY,-0.4,"8,986.37",Retail,7,"$1,000"
1/3/25,Zelle payment to Timothy Price Conf# fvj8rrljv,-312,"8,674.37",Retail,7,"$1,000"
1/10/25,"RUTGERS UNIVERSI DES:PAYROLL ID:00185486 INDN:PATEL,SPARSH V CO ID:XXXXX01086 PPD",109.78,"8,784.15",Retail,4,*etsy is the name of a company that is listed on the website of the University of Michigan
1/13/25,CHIPOTLE 1772 01/12 PURCHASE SOUTH PLAINFI NJ,-9.97,"8,774.18",Retail,8,This is the first time I've ever purchased a new car
1/13/25,MARSHALLS #230 01/12 PURCHASE SO PLAINFIELD NJ,-19.99,"8,754.19",Retail,7,"$1,000"
1/15/25,MARSHALLS #230 01/14 PURCHASE SO PLAINFIELD NJ,-13.99,"8,740.20",Retail,7,"$1,000"
1/16/25,MARSHALLS #230 01/14 REFUND SO PLAINFIELD NJ,19.99,"8,760.19",Retail,7,"$1,000"
1/21/25,EASTON DELI & CONVENIEN 01/17 PURCHASE NEW BRUNSWICK NJ,-5.28,"8,754.91",Food & Dining,3,New Jersey is the only state in the country that has a minimum wage of $7
1/21/25,NJT RAIL MY-TIX 01/17 PURCHASE 973-378-6339 NJ,-32.2,"8,722.71",Retail,5,This is a very popular and well-known brand
1/21/25,TST* SPICY MOON - CHELS 01/17 PURCHASE NEW YORK NY,-107.59,"8,615.12",Retail,0,This is a list of all of the items that have been added to the list
1/21/25,TST* PARIS BAGUETTE - 3 01/17 PURCHASE NEW YORK NY,-7.8,"8,607.32",Retail,0,This is a list of all of the items that have been added to the list
1/21/25,ANITA GELATO GARDEN 01/17 PURCHASE NEW YORK NY,-21.29,"8,586.03",Retail,0,This is a list of all of the items that have been added to the list
1/21/25,NJT RAIL MY-TIX 01/18 PURCHASE 973-378-6339 NJ,-32.2,"8,553.83",Retail,5,This is a very popular and well-known brand
1/21/25,VENMO DES:PAYMENT ID:XXXXX91856297 INDN:SPARSH PATEL CO ID:XXXXX81992 WEB,-28,"8,525.83",Retail,4,*etsy is the name of a company that is listed on the website of the University of Michigan
1/22/25,CPI*CANTEEN VENDING AVE 01/20 PURCHASE 800-628-8363 NJ,-3.1,"8,522.73",Retail,7,"$1,000"
1/22/25,CHIPOTLE 1256 01/21 PURCHASE NEW BRUNSWICK NJ,-10.29,"8,512.44",Food & Dining,8,This is the first time I've ever purchased a new car
1/23/25,NEW BRUNSWICK MUNICIPAL 01/22 PURCHASE WWW.NEWJERSEY KS,-53.56,"8,458.88",Retail,7,"$1,000"
1/27/25,COOK CAFE 01/24 PURCHASE NEW BRUNSWICK NJ,-4.25,"8,454.63",Food & Dining,3,New Jersey is the only state in the country that has a minimum wage of $7
1/27/25,HUEY'S KNIGHT CLUB 01/24 PURCHASE NEW BRUNSWICK NJ,-5.7,"8,448.93",Food & Dining,3,New Jersey is the only state in the country that has a minimum wage of $7
1/27/25,HUEY'S KNIGHT CLUB 01/25 PURCHASE NEW BRUNSWICK NJ,-5.7,"8,443.23",Food & Dining,3,New Jersey is the only state in the country that has a minimum wage of $7
1/27/25,HUEY'S KNIGHT CLUB 01/25 PURCHASE NEW BRUNSWICK NJ,-21.94,"8,421.29",Food & Dining,3,New Jersey is the only state in the country that has a minimum wage of $7
1/27/25,SCARLET PUB 01/24 PURCHASE NEW BRUNSWICK NJ,-13.86,"8,407.43",Food & Dining,5,This is a very popular and well-known brand
2/3/25,"Zelle payment from SANIKA DIGHE for Sanika & Sanchita Miami Flight tickets""; Conf# n78cdq9vn""",363.18,"8,770.61",Retail,7,"$1,000"
2/3/25,"Zelle payment from TISHA PADIA for Flight Tickets""; Conf# vgkpfaxbc""",182,"8,952.61",Retail,7,"$1,000"
2/3/25,Zelle payment from YATHARTH RAUT Conf# 01YEVOLFA,181.59,"9,134.20",Retail,7,"$1,000"
2/3/25,JETBLUE XXXXX743695 02/01 PURCHASE XXXXX82583 NY,-181.59,"8,952.61",Retail,7,"$1,000"
2/3/25,JETBLUE XXXXX743695 02/01 PURCHASE XXXXX82583 NY,-181.59,"8,771.02",Retail,7,"$1,000"
2/3/25,JETBLUE XXXXX743695 02/01 PURCHASE XXXXX82583 NY,-181.59,"8,589.43",Retail,7,"$1,000"
2/3/25,JETBLUE XXXXX743695 02/01 PURCHASE XXXXX82583 NY,-181.59,"8,407.84",Retail,7,"$1,000"
2/3/25,JETBLUE XXXXX743695 02/01 PURCHASE XXXXX82583 NY,-181.59,"8,226.25",Retail,7,"$1,000"
2/3/25,Etsy.com - SponkEditing 02/01 PURCHASE XXX-XX93879 NY,-2,"8,224.25",Retail,7,"$1,000"
2/3/25,R U HUNGRY 02/03 PURCHASE NEW BRUNSWICK NJ,-7.36,"8,216.89",Food & Dining,3,New Jersey is the only state in the country that has a minimum wage of $7
2/4/25,"ETSY, INC. DES:PAYOUT ID:etsy INDN:Sparsh Patel CO ID:XXXXX12331 PPD PMT INFO:TRN*1*etsy**4VXMTN65V253SE30\RMR*IK*etsy .com\",0.2,"8,217.09",Retail,4,*etsy is the name of a company that is listed on the website of the University of Michigan
2/4/25,INSOMNIA COOKIES- NEW 02/02 PURCHASE NEW BRUNSWICK NJ,-6.16,"8,210.93",Food & Dining,3,New Jersey is the only state in the country that has a minimum wage of $7
2/4/25,SP NJ SKATESHOP 02/03 PURCHASE XXX-XX651300 NJ,-23.4,"8,187.53",Retail,7,"$1,000"
2/7/25,CPI*CANTEEN VENDING AVE 02/06 PURCHASE 800-628-8363 NJ,-2.6,"8,184.93",Retail,7,"$1,000"
2/7/25,CPI*CANTEEN VENDING AVE 02/05 PURCHASE 800-628-8363 NJ,-2.6,"8,182.33",Retail,7,"$1,000"
2/10/25,TST* 16 HANDLES - RUTGE 02/06 PURCHASE PISCATAWAY NJ,-7.39,"8,174.94",Retail,1,This is the first time I've seen a new product that has been made in the United States
2/10/25,TST* 16 HANDLES - RUTGE 02/06 PURCHASE PISCATAWAY NJ,-4.64,"8,170.30",Retail,1,This is the first time I've seen a new product that has been made in the United States
2/10/25,CG LAUNDRY RUTGERS COLL 02/07 PURCHASE XXX-XX46100 NJ,-10,"8,160.30",Retail,7,"$1,000"
2/11/25,TST*SCHNUR MEYER SWEETS 02/09 PURCHASE New Brunswick NJ,-7.41,"8,152.89",Food & Dining,1,This is the first time I've seen a new product that has been made in the United States
2/13/25,Transfer VENMO,28.85,"8,181.74",Retail,2,The transfer keyword is used to indicate that a particular action is being performed
2/13/25,WOODYS CAFE 02/11 PURCHASE PISCATAWAY NJ,-3,"8,178.74",Food & Dining,7,"$1,000"
2/14/25,THE BANANA BAR CRAWL 02/13 PURCHASE JOINGUESTLIST TX,-58.73,"8,120.01",Food & Dining,7,"$1,000"
2/18/25,EASTON DELI & CONVENIEN 02/14 PURCHASE NEW BRUNSWICK NJ,-16.05,"8,103.96",Food & Dining,3,New Jersey is the only state in the country that has a minimum wage of $7
2/18/25,SQ *VEGANIZED 02/14 PURCHASE New Brunswick NJ,-56.86,"8,047.10",Food & Dining,3,New Jersey is the only state in the country that has a minimum wage of $7
2/18/25,TST*MR. TACOS TAQUERIA 02/15 PURCHASE New Brunswick NJ,-22.32,"8,024.78",Retail,1,This is the first time I've seen a new product that has been made in the United States
2/18/25,SCARLET PUB 02/15 PURCHASE NEW BRUNSWICK NJ,-15.8,"8,008.98",Food & Dining,5,This is a very popular and well-known brand
2/21/25,"RUTGERS UNIVERSI DES:PAYROLL ID:00185486 INDN:PATEL,SPARSH V CO ID:XXXXX01086 PPD",194.67,"8,203.65",Retail,4,*etsy is the name of a company that is listed on the website of the University of Michigan
2/24/25,Zelle payment from YATHARTH RAUT Conf# 01YZC7PJK,27,"8,230.65",Retail,7,"$1,000"
2/24/25,SCARLET PUB 02/21 PURCHASE NEW BRUNSWICK NJ,-10.53,"8,220.12",Food & Dining,5,This is a very popular and well-known brand
2/24/25,Zelle payment to Yatharth Conf# ha890kjh4,-485.25,"7,734.87",Retail,7,"$1,000"
2/28/25,UBER EATS DES:UBER EATS ID:ST-Q5T1O4L6I9J8 INDN:SPARSH V PATEL CO ID:XXXXX48598 WEB,-23.43,"7,711.44",Retail,4,*etsy is the name of a company that is listed on the website of the University of Michigan
3/3/25,SHOPRITE HADLEY CMNS S 02/28 PURCHASE SOUTH PLAINFI NJ,-3.59,"7,707.85",Retail,7,"$1,000"
3/6/25,HUEY'S KNIGHT CLUB 03/04 PURCHASE NEW BRUNSWICK NJ,-10.4,"7,697.45",Food & Dining,3,New Jersey is the only state in the country that has a minimum wage of $7
3/6/25,HUEY'S KNIGHT CLUB 03/04 PURCHASE NEW BRUNSWICK NJ,-9.32,"7,688.13",Food & Dining,3,New Jersey is the only state in the country that has a minimum wage of $7
3/7/25,"RUTGERS UNIVERSI DES:PAYROLL ID:00185486 INDN:PATEL,SPARSH V CO ID:XXXXX01086 PPD",39.2,"7,727.33",Retail,4,*etsy is the name of a company that is listed on the website of the University of Michigan
3/10/25,CHIPOTLE 1256 03/07 PURCHASE NEW BRUNSWICK NJ,-10.29,"7,717.04",Food & Dining,8,This is the first time I've ever purchased a new car
3/11/25,WALGREENS #6908 03/10 PURCHASE NEW BRUNSWICK NJ,-11.87,"7,705.17",Food & Dining,7,"$1,000"
3/17/25,JETBLUE XXXXX639667 03/14 PURCHASE XXXXX82583 NY,-45,"7,660.17",Retail,7,"$1,000"
3/17/25,TOP OF THE FALLS 03/15 PURCHASE MIAMI BEACH FL,-14.27,"7,645.90",Food & Dining,8,This is the first time I've ever purchased a new car
3/17/25,DPT OF TRANSPORTATION A 03/16 PURCHASE MIAMI FL,-2.25,"7,643.65",Retail,8,This is the first time I've ever purchased a new car
3/17/25,CVS/PHARMACY # 03/17 PURCHASE Miami FL,-24.48,"7,619.17",Retail,8,This is the first time I've ever purchased a new car
3/19/25,SMOKERS WORLD 03/17 PURCHASE MIAMI BEACH FL,-25.47,"7,593.70",Food & Dining,8,This is the first time I've ever purchased a new car
3/19/25,UBER TRIP DES:UBER TRIP ID:ST-J7P3H0U3H1X5 INDN:SPARSH V PATEL CO ID:XXXXX48598 WEB,-45.31,"7,548.39",Retail,4,*etsy is the name of a company that is listed on the website of the University of Michigan
3/19/25,UBER TRIP DES:UBER TRIP ID:ST-E8N0J7F3J6G5 INDN:SPARSH V PATEL CO ID:XXXXX48598 WEB,-35.68,"7,512.71",Retail,4,*etsy is the name of a company that is listed on the website of the University of Michigan
3/20/25,TST*MEXI CAFE 03/19 PURCHASE miami beach FL,-10.59,"7,502.12",Food & Dining,8,This is the first time I've ever purchased a new car
3/20/25,DPT OF TRANSPORTATION A 03/19 PURCHASE MIAMI FL,-2.25,"7,499.87",Retail,8,This is the first time I've ever purchased a new car
3/21/25,"RUTGERS UNIVERSI DES:PAYROLL ID:00185486 INDN:PATEL,SPARSH V CO ID:XXXXX01086 PPD",89.75,"7,589.62",Retail,4,*etsy is the name of a company that is listed on the website of the University of Michigan
3/24/25,SQ *HIDDEN GROUNDS CHAI 03/21 PURCHASE New Brunswick NJ,-18.01,"7,571.61",Food & Dining,3,New Jersey is the only state in the country that has a minimum wage of $7
3/24/25,SHOPRITE HADLEY CMNS S 03/21 PURCHASE SOUTH PLAINFI NJ,-11.5,"7,560.11",Retail,7,"$1,000"
3/24/25,EASTON DELI & CONVENIEN 03/21 PURCHASE NEW BRUNSWICK NJ,-7.41,"7,552.70",Food & Dining,3,New Jersey is the only state in the country that has a minimum wage of $7
3/24/25,SP OAK HALL CAP GOWN 03/23 PURCHASE OAKHALLCG.COM VA,-167.93,"7,384.77",Retail,7,"$1,000"
3/24/25,SPLITWISE DES:PAYMENT ID:75A0FCD3AB9F48C INDN:SPARSH PATEL CO ID:XXXXX00000 PPD,-108.13,"7,276.64",Retail,4,*etsy is the name of a company that is listed on the website of the University of Michigan
3/26/25,EASTON SMOKES 03/25 PURCHASE NEW BRUNSWICK NJ,-13.28,"7,263.36",Food & Dining,3,New Jersey is the only state in the country that has a minimum wage of $7
3/26/25,SPLITWISE DES:PAYMENT ID:0387354AC3A74D4 INDN:SPARSH PATEL CO ID:XXXXX00000 PPD,-181.59,"7,081.77",Retail,4,*etsy is the name of a company that is listed on the website of the University of Michigan
3/26/25,SPLITWISE DES:PAYMENT ID:57FAA34082FC441 INDN:SPARSH PATEL CO ID:XXXXX00000 PPD,-39.42,"7,042.35",Retail,4,*etsy is the name of a company that is listed on the website of the University of Michigan
3/27/25,Transfer VENMO,8.81,"7,051.16",Retail,2,The transfer keyword is used to indicate that a particular action is being performed
3/27/25,AMSTERDAM SMOKE SHOP 03/25 PURCHASE NEW BRUNSWICK NJ,-14.4,"7,036.76",Food & Dining,3,New Jersey is the only state in the country that has a minimum wage of $7
3/27/25,AMSTERDAM SMOKE SHOP 03/25 PURCHASE NEW BRUNSWICK NJ,-1.56,"7,035.20",Food & Dining,3,New Jersey is the only state in the country that has a minimum wage of $7
3/31/25,Transfer VENMO,41.17,"7,076.37",Retail,2,The transfer keyword is used to indicate that a particular action is being performed
3/31/25,7-ELEVEN 35664 03/27 PURCHASE NEW BRUNSWICK NJ,-9.25,"7,067.12",Food & Dining,3,New Jersey is the only state in the country that has a minimum wage of $7
3/31/25,FUKUYA LIFE STORE - NJ 03/29 PURCHASE EDISON NJ,-6.37,"7,060.75",Retail,9,The following is a list of all of the items that are listed in the following order
4/4/25,"RUTGERS UNIVERSI DES:PAYROLL ID:00185486 INDN:PATEL,SPARSH V CO ID:XXXXX01086 PPD",46.1,"7,106.85",Retail,4,*etsy is the name of a company that is listed on the website of the University of Michigan
4/4/25,KNIGHTS DELI GROCERY 04/04 PURCHASE NEW BRUNSWICK NJ,-4.38,"7,102.47",Food & Dining,3,New Jersey is the only state in the country that has a minimum wage of $7
4/7/25,SP OAK HALL CAP GOWN 04/03 REFUND SALEM VA,16.02,"7,118.49",Retail,7,"$1,000"
4/7/25,BUTLER FOOD STORE 04/04 PURCHASE NEW BRUNSWICK NJ,-4.99,"7,113.50",Food & Dining,3,New Jersey is the only state in the country that has a minimum wage of $7
4/7/25,HUEY'S KNIGHT CLUB 04/04 PURCHASE NEW BRUNSWICK NJ,-13.52,"7,099.98",Food & Dining,3,New Jersey is the only state in the country that has a minimum wage of $7
4/7/25,CHIPOTLE 1256 04/06 PURCHASE NEW BRUNSWICK NJ,-13.33,"7,086.65",Food & Dining,8,This is the first time I've ever purchased a new car
4/8/25,SPLITWISE DES:PAYMENT ID:62A6BB9AF3D645B INDN:SPARSH PATEL CO ID:XXXXX00000 PPD,108.13,"7,194.78",Retail,4,*etsy is the name of a company that is listed on the website of the University of Michigan
4/8/25,7-ELEVEN 35664 04/06 PURCHASE NEW BRUNSWICK NJ,-2.69,"7,192.09",Food & Dining,3,New Jersey is the only state in the country that has a minimum wage of $7
4/9/25,SPLITWISE DES:PAYMENT ID:C08F2E619E05489 INDN:SPARSH PATEL CO ID:XXXXX00000 PPD,39.42,"7,231.51",Retail,4,*etsy is the name of a company that is listed on the website of the University of Michigan
4/9/25,AMAZON MARK* C37AL2FW3 04/07 PURCHASE AMAZON.COM/MA WA,-30.59,"7,200.92",Retail,7,"$1,000"
4/9/25,PETER'S LIQUORS 04/08 PURCHASE NEW BRUNSWICK NJ,-2.84,"7,198.08",Food & Dining,3,New Jersey is the only state in the country that has a minimum wage of $7
4/10/25,CAFE WEST 04/08 PURCHASE NEW BRUNSWICK NJ,-9.5,"7,188.58",Food & Dining,3,New Jersey is the only state in the country that has a minimum wage of $7
4/10/25,HUEY'S KNIGHT CLUB 04/08 PURCHASE NEW BRUNSWICK NJ,-9.32,"7,179.26",Food & Dining,3,New Jersey is the only state in the country that has a minimum wage of $7
4/14/25,MTA*NYCT PAYGO 04/11 PURCHASE NEW YORK NY,-2.9,"7,176.36",Retail,0,This is a list of all of the items that have been added to the list
4/14/25,MTA*NYCT PAYGO 04/11 PURCHASE NEW YORK NY,-2.9,"7,173.46",Retail,0,This is a list of all of the items that have been added to the list
4/14/25,JOLLIBEE 04/11 PURCHASE NEW YORK NY,-11.97,"7,161.49",Retail,0,This is a list of all of the items that have been added to the list
4/14/25,SQ *ST JAMES THEATRE 04/11 PURCHASE New York NY,-7.53,"7,153.96",Retail,0,This is a list of all of the items that have been added to the list
4/14/25,$1.50 FRESH PIZZA #3 04/11 PURCHASE NEW YORK NY,-1.56,"7,152.40",Retail,0,This is a list of all of the items that have been added to the list
4/14/25,PRIMO CAPPUCCINO 04/11 PURCHASE NEW YORK NY,-7.5,"7,144.90",Retail,0,This is a list of all of the items that have been added to the list
4/14/25,NNT WHAT'S THE 04/13 PURCHASE METUCHEN NJ,-10.84,"7,134.06",Retail,7,"$1,000"
4/15/25,KNIGHTS DELI GROCERY 04/15 PURCHASE NEW BRUNSWICK NJ,-6.01,"7,128.05",Food & Dining,3,New Jersey is the only state in the country that has a minimum wage of $7
4/17/25,"SMART ECOSYSTEM, DES:PAYMENT ID:XXXXXXXXXX16144 INDN:SPARSH PATEL CO ID:XXXXX9051 PPD",42.9,"7,170.95",Retail,4,*etsy is the name of a company that is listed on the website of the University of Michigan
4/18/25,WAL-MART #5201 04/18 PURCHASE EDISON NJ,-7.35,"7,163.60",Retail,9,The following is a list of all of the items that are listed in the following order
4/21/25,VENMO DES:REFUND ID:XXXXX53085541 INDN:SPARSH PATEL CO ID:XXXXX81992 PPD,80,"7,243.60",Retail,4,*etsy is the name of a company that is listed on the website of the University of Michigan
4/21/25,7-ELEVEN 35664 04/17 PURCHASE NEW BRUNSWICK NJ,-9.16,"7,234.44",Food & Dining,3,New Jersey is the only state in the country that has a minimum wage of $7
4/21/25,KNIGHTS DELI GROCERY 04/19 PURCHASE NEW BRUNSWICK NJ,-10.96,"7,223.48",Food & Dining,3,New Jersey is the only state in the country that has a minimum wage of $7
4/21/25,JAKE'S FINE FOODS 04/19 PURCHASE XXX-XX83699 NJ,-16,"7,207.48",Retail,7,"$1,000"
4/21/25,7-ELEVEN 35664 04/19 PURCHASE NEW BRUNSWICK NJ,-8.63,"7,198.85",Food & Dining,3,New Jersey is the only state in the country that has a minimum wage of $7
4/21/25,WALGREENS #6908 04/20 PURCHASE NEW BRUNSWICK NJ,-14.87,"7,183.98",Food & Dining,7,"$1,000"
4/21/25,VENMO DES:PAYMENT ID:XXXXX52599245 INDN:SPARSH PATEL CO ID:XXXXX81992 WEB,-80,"7,103.98",Retail,4,*etsy is the name of a company that is listed on the website of the University of Michigan
4/23/25,7-ELEVEN 35664 04/21 PURCHASE NEW BRUNSWICK NJ,-2.99,"7,100.99",Food & Dining,3,New Jersey is the only state in the country that has a minimum wage of $7
4/24/25,BUTLER FOOD STORE 04/23 PURCHASE NEW BRUNSWICK NJ,-4.48,"7,096.51",Food & Dining,3,New Jersey is the only state in the country that has a minimum wage of $7
4/24/25,PANERA BREAD #606010 K 04/23 PURCHASE PISCATAWAY TO NJ,-3.72,"7,092.79",Retail,7,"$1,000"
4/28/25,Transfer VENMO,49.13,"7,141.92",Retail,2,The transfer keyword is used to indicate that a particular action is being performed
4/28/25,TST*NIRVANIS INDIAN KIT 04/26 PURCHASE New Brunswick NJ,-7.46,"7,134.46",Food & Dining,1,This is the first time I've seen a new product that has been made in the United States
4/28/25,R U HUNGRY 04/26 PURCHASE NEW BRUNSWICK NJ,-29.45,"7,105.01",Food & Dining,3,New Jersey is the only state in the country that has a minimum wage of $7
4/28/25,CPI*CANTEEN VENDING AVE 04/27 PURCHASE 800-628-8363 NJ,-2.1,"7,102.91",Retail,7,"$1,000"
4/29/25,TST* 16 HANDLES - RUTGE 04/27 PURCHASE PISCATAWAY NJ,-11.54,"7,091.37",Retail,1,This is the first time I've seen a new product that has been made in the United States
4/29/25,AMAZON PRIME*XL1W49MP3 04/27 PURCHASE Amzn.com/bill WA,-7.99,"7,083.38",Retail,7,"$1,000"
4/30/25,DOLLAR BRUNSWICK LLC 04/29 PURCHASE NEW BRUNSWICK NJ,-4.28,"7,079.10",Food & Dining,3,New Jersey is the only state in the country that has a minimum wage of $7
4/30/25,R U HUNGRY 04/29 PURCHASE NEW BRUNSWICK NJ,-6.69,"7,072.41",Food & Dining,3,New Jersey is the only state in the country that has a minimum wage of $7
5/1/25,BUTLER FOOD STORE 04/30 PURCHASE NEW BRUNSWICK NJ,-4.88,"7,067.53",Food & Dining,3,New Jersey is the only state in the country that has a minimum wage of $7
5/2/25,R U HUNGRY 05/02 PURCHASE NEW BRUNSWICK NJ,-13.38,"7,054.15",Food & Dining,3,New Jersey is the only state in the country that has a minimum wage of $7
5/5/25,THE ALE N WICH PUB 05/01 PURCHASE NEW BRUNSWICK NJ,-15.36,"7,038.79",Food & Dining,5,This is a very popular and well-known brand
5/5/25,HUEY'S KNIGHT CLUB 05/03 PURCHASE NEW BRUNSWICK NJ,-14.56,"7,024.23",Food & Dining,3,New Jersey is the only state in the country that has a minimum wage of $7
5/5/25,CTLP*CANTEEN VENDING 05/04 PURCHASE CHARLOTTE NC,-2.1,"7,022.13",Retail,7,"$1,000"
5/5/25,CTLP*CANTEEN VENDING 05/04 PURCHASE CHARLOTTE NC,-2.1,"7,020.03",Retail,7,"$1,000"
5/6/25,THE PRINCETON UNIVERSI 05/04 PURCHASE 609-921-8500 NJ,-3.72,"7,016.31",Food & Dining,7,"$1,000"
5/7/25,WAL-MART #2633 05/07 PURCHASE PISCATAWAY NJ,-3.82,"7,012.49",Retail,9,The following is a list of all of the items that are listed in the following order
5/8/25,HUEY'S KNIGHT CLUB 05/06 PURCHASE NEW BRUNSWICK NJ,-8.38,"7,004.11",Food & Dining,3,New Jersey is the only state in the country that has a minimum wage of $7
5/8/25,HUEY'S KNIGHT CLUB 05/06 PURCHASE NEW BRUNSWICK NJ,-4.16,"6,999.95",Food & Dining,3,New Jersey is the only state in the country that has a minimum wage of $7
5/8/25,HUEY'S KNIGHT CLUB 05/06 PURCHASE NEW BRUNSWICK NJ,-8.32,"6,991.63",Food & Dining,3,New Jersey is the only state in the country that has a minimum wage of $7
5/8/25,HUEY'S KNIGHT CLUB 05/06 PURCHASE NEW BRUNSWICK NJ,-5.7,"6,985.93",Food & Dining,3,New Jersey is the only state in the country that has a minimum wage of $7
5/8/25,GOLDEN RAIL PUB 05/07 PURCHASE NEW BRUNSWICK NJ,-12.09,"6,973.84",Food & Dining,5,This is a very popular and well-known brand
5/8/25,GOLDEN RAIL PUB 05/07 PURCHASE NEW BRUNSWICK NJ,-5.54,"6,968.30",Food & Dining,5,This is a very popular and well-known brand
5/12/25,CPI*CANTEEN VENDING AVE 05/08 PURCHASE 800-628-8363 NJ,-3.1,"6,965.20",Retail,7,"$1,000"
5/12/25,KNIGHTS DELI GROCERY 05/11 PURCHASE NEW BRUNSWICK NJ,-8.21,"6,956.99",Food & Dining,3,New Jersey is the only state in the country that has a minimum wage of $7
5/12/25,BUTLER FOOD STORE 05/10 PURCHASE NEW BRUNSWICK NJ,-18.06,"6,938.93",Food & Dining,3,New Jersey is the only state in the country that has a minimum wage of $7
5/12/25,TST*MR. TACOS TAQUERIA 05/10 PURCHASE New Brunswick NJ,-15.99,"6,922.94",Retail,1,This is the first time I've seen a new product that has been made in the United States
5/12/25,VENMO DES:PAYMENT ID:XXXXX08612104 INDN:SPARSH PATEL CO ID:XXXXX81992 WEB,-105.5,"6,817.44",Retail,4,*etsy is the name of a company that is listed on the website of the University of Michigan
5/13/25,CPI*CANTEEN VENDING AVE 05/12 PURCHASE 800-628-8363 NJ,-3.1,"6,814.34",Retail,7,"$1,000"
5/14/25,WOODYS CAFE 05/12 PURCHASE PISCATAWAY NJ,-12.45,"6,801.89",Food & Dining,7,"$1,000"
5/15/25,HUEY'S KNIGHT CLUB 05/13 PURCHASE NEW BRUNSWICK NJ,-10.4,"6,791.49",Food & Dining,3,New Jersey is the only state in the country that has a minimum wage of $7
5/15/25,HUEY'S KNIGHT CLUB 05/13 PURCHASE NEW BRUNSWICK NJ,-4.16,"6,787.33",Food & Dining,3,New Jersey is the only state in the country that has a minimum wage of $7
5/15/25,HUEY'S KNIGHT CLUB 05/13 PURCHASE NEW BRUNSWICK NJ,-10.4,"6,776.93",Food & Dining,3,New Jersey is the only state in the country that has a minimum wage of $7
5/15/25,HUEY'S KNIGHT CLUB 05/13 PURCHASE NEW BRUNSWICK NJ,-5.2,"6,771.73",Food & Dining,3,New Jersey is the only state in the country that has a minimum wage of $7
5/15/25,HUEY'S KNIGHT CLUB 05/13 PURCHASE NEW BRUNSWICK NJ,-12.4,"6,759.33",Food & Dining,3,New Jersey is the only state in the country that has a minimum wage of $7
5/15/25,GOLDEN RAIL PUB 05/13 PURCHASE NEW BRUNSWICK NJ,-10.32,"6,749.01",Food & Dining,5,This is a very popular and well-known brand
5/15/25,GOLDEN RAIL PUB 05/14 PURCHASE NEW BRUNSWICK NJ,-25.73,"6,723.28",Food & Dining,5,This is a very popular and well-known brand
5/15/25,BUTLER FOOD STORE 05/14 PURCHASE NEW BRUNSWICK NJ,-7.18,"6,716.10",Food & Dining,3,New Jersey is the only state in the country that has a minimum wage of $7
5/15/25,AMC 2220 NEW BRUNSWIC 05/14 PURCHASE NEW BRUNSWICK NJ,-13.85,"6,702.25",Food & Dining,3,New Jersey is the only state in the country that has a minimum wage of $7
5/15/25,AMC 2220 NEW BRUNSWIC 05/14 PURCHASE NEW BRUNSWICK NJ,-20.02,"6,682.23",Food & Dining,3,New Jersey is the only state in the country that has a minimum wage of $7
5/16/25,EASTON SMOKES 05/15 PURCHASE NEW BRUNSWICK NJ,-22.13,"6,660.10",Food & Dining,3,New Jersey is the only state in the country that has a minimum wage of $7
5/16/25,VEO* CAPTURE 05/15 PURCHASE VEORIDE.COM CA,-0.6,"6,659.50",Retail,6,This is a list of all of the items that have been added to the list
5/16/25,UBER TRIP DES:UBER TRIP ID:ST-Y2F7P7J0U8G5 INDN:SPARSH V PATEL CO ID:XXXXX48598 WEB,-9.97,"6,649.53",Retail,4,*etsy is the name of a company that is listed on the website of the University of Michigan
5/19/25,BUTLER FOOD STORE 05/16 PURCHASE NEW BRUNSWICK NJ,-7.71,"6,641.82",Food & Dining,3,New Jersey is the only state in the country that has a minimum wage of $7
5/19/25,HUEY'S KNIGHT CLUB 05/17 PURCHASE NEW BRUNSWICK NJ,-20.8,"6,621.02",Food & Dining,3,New Jersey is the only state in the country that has a minimum wage of $7
5/19/25,HUEY'S KNIGHT CLUB 05/17 PURCHASE NEW BRUNSWICK NJ,-10.4,"6,610.62",Food & Dining,3,New Jersey is the only state in the country that has a minimum wage of $7
5/19/25,TST* TACORIA- NEW BRUNS 05/17 PURCHASE NEW BRUNSWICK NJ,-32.99,"6,577.63",Food & Dining,1,This is the first time I've seen a new product that has been made in the United States
5/19/25,PETER'S LIQUORS 05/17 PURCHASE NEW BRUNSWICK NJ,-15.99,"6,561.64",Food & Dining,3,New Jersey is the only state in the country that has a minimum wage of $7
5/19/25,KNIGHTS DELI GROCERY 05/18 PURCHASE NEW BRUNSWICK NJ,-15.43,"6,546.21",Food & Dining,3,New Jersey is the only state in the country that has a minimum wage of $7
5/19/25,VEO* DEPOSIT 05/18 PURCHASE VEORIDE.COM CA,-10,"6,536.21",Retail,6,This is a list of all of the items that have been added to the list
5/19/25,VEO* CAPTURE 05/18 PURCHASE VEORIDE.COM CA,-10,"6,526.21",Retail,6,This is a list of all of the items that have been added to the list
5/19/25,VEO* CAPTURE 05/18 PURCHASE VEORIDE.COM CA,-10,"6,516.21",Retail,6,This is a list of all of the items that have been added to the list
5/19/25,VEO* CAPTURE 05/18 PURCHASE VEORIDE.COM CA,-10,"6,506.21",Retail,6,This is a list of all of the items that have been added to the list
5/19/25,VEO* CAPTURE 05/18 PURCHASE VEORIDE.COM CA,-0.5,"6,505.71",Retail,6,This is a list of all of the items that have been added to the list
5/19/25,BUTLER FOOD STORE 05/18 PURCHASE NEW BRUNSWICK NJ,-6.48,"6,499.23",Food & Dining,3,New Jersey is the only state in the country that has a minimum wage of $7
5/20/25,SQ *THE BAKED BEAR 05/18 PURCHASE New Brunswick NJ,-10.34,"6,488.89",Food & Dining,3,New Jersey is the only state in the country that has a minimum wage of $7
5/20/25,HUEY'S KNIGHT CLUB 05/19 PURCHASE NEW BRUNSWICK NJ,-10.4,"6,478.49",Food & Dining,3,New Jersey is the only state in the country that has a minimum wage of $7
5/20/25,SHOKUDO 05/19 PURCHASE PISCATAWAY NJ,-31.33,"6,447.16",Retail,7,"$1,000"
5/20/25,SQ *THE BAKED BEAR 05/19 PURCHASE New Brunswick NJ,-10.49,"6,436.67",Food & Dining,3,New Jersey is the only state in the country that has a minimum wage of $7
5/21/25,VEO* CAPTURE 05/20 PURCHASE VEORIDE.COM CA,-7.08,"6,429.59",Retail,6,This is a list of all of the items that have been added to the list
5/21/25,CTLP*CANTEEN VENDING 05/20 PURCHASE CHARLOTTE NC,-2.1,"6,427.49",Retail,7,"$1,000"
5/21/25,BUTLER FOOD STORE 05/20 PURCHASE NEW BRUNSWICK NJ,-16.47,"6,411.02",Food & Dining,3,New Jersey is the only state in the country that has a minimum wage of $7
5/21/25,DOLLAR TREE 05/21 PURCHASE SOUTH PLAINFI NJ,-2.75,"6,408.27",Retail,7,"$1,000"
5/23/25,TARGET T-1929 05/23 PURCHASE South Plainfi NJ,-16.94,"6,391.33",Retail,7,"$1,000"
5/27/25,EXXON EDISON MART 05/25 PURCHASE EDISON NJ,-10,"6,381.33",Retail,9,The following is a list of all of the items that are listed in the following order
5/28/25,AMAZON PRIME*NN0B35370 05/27 PURCHASE Amzn.com/bill WA,-7.99,"6,373.34",Retail,7,"$1,000"
5/29/25,7-ELEVEN 35664 05/27 PURCHASE NEW BRUNSWICK NJ,-6.17,"6,367.17",Food & Dining,3,New Jersey is the only state in the country that has a minimum wage of $7
5/29/25,MIDDLESEX CC APPLICATIO 05/28 PURCHASE 732-548-6000 NJ,-25,"6,342.17",Retail,7,"$1,000"
6/2/25,NNT SMOKEVANA 05/31 PURCHASE MATAWAN NJ,-15.98,"6,326.19",Food & Dining,7,"$1,000"
6/2/25,THAI KITCHEN BRIDGEWAT 06/01 PURCHASE BRIDGEWATER NJ,-20.95,"6,305.24",Food & Dining,7,"$1,000"
6/5/25,SP FAN TREASPRO IMAGE 06/04 PURCHASE XXX-XX103261 NJ,-49.99,"6,255.25",Food & Dining,7,"$1,000"
6/6/25,KNIGHTS DELI GROCERY 06/06 PURCHASE NEW BRUNSWICK NJ,-5.48,"6,249.77",Food & Dining,3,New Jersey is the only state in the country that has a minimum wage of $7
6/9/25,SP FAN TREASPRO IMAGE 06/07 REFUND RUNNEMEDE NJ,49.99,"6,299.76",Food & Dining,7,"$1,000"
6/9/25,Lids 5054 06/07 PURCHASE Edison NJ,-54.99,"6,244.77",Retail,9,The following is a list of all of the items that are listed in the following order
6/9/25,DOLLARTREE 06/07 PURCHASE EDISON NJ,-1.25,"6,243.52",Retail,9,The following is a list of all of the items that are listed in the following order
6/10/25,YESTERCADES III 06/09 PURCHASE WESTFIELD NJ,-21.22,"6,222.30",Retail,1,This is the first time I've seen a new product that has been made in the United States
6/11/25,SQ *THE BAKED BEAR 06/09 PURCHASE Westfield NJ,-11.14,"6,211.16",Food & Dining,1,This is the first time I've seen a new product that has been made in the United States
6/13/25,"Zelle payment from JASON NGUYEN for TexasRoadhouse""; Conf# eb2rh6z68""",20,"6,231.16",Retail,7,"$1,000"
6/16/25,TEXAS ROADHOUSE #2496 06/13 PURCHASE NORTH PLAINFI NJ,-96.21,"6,134.95",Retail,7,"$1,000"
6/18/25,H MART EDISON LLC 06/17 PURCHASE EDISON NJ,-3.98,"6,130.97",Retail,9,The following is a list of all of the items that are listed in the following order
